{
    "loss": 1.175032138824463,
    "accuracy": 0.8417266011238098
}