{
    "loss": 24.452903747558594,
    "accuracy": 0.5179855823516846
}