{
    "loss": 0.7798903584480286,
    "accuracy": 0.9568345546722412
}